sample_id	tier	gene_symbol	gene_id	assembly	chrom	pos	ref	alt	variant_id	hgvs_c	hgvs_p	consequence	consequence_label	loss_of_function	mode_of_inheritance	proband_gt	mother_gt	father_gt	inferred_origin	comphet_partner	gnomad_af	clinvar	clinvar_stars	cadd	revel	sift	polyphen	alphamissense_class	alphamissense_score	talos_cat1	talos_cat2	talos_cat3	talos_cat4_de_novo	talos_pm5	panels	first_tagged	talos_warnings	why_prioritised	caveats	source_rows
SAMPLE_1	A	WT1	ENSG00000184937	GRCh38	11	32392032	G	A	11-32392032-G-A	-	p.Arg463Ter	stop_gained	Stop gained (nonsense)	yes	Autosomal dominant	HET	WT	WT	de novo	-	5e-07	Pathogenic / Likely pathogenic	1	38		-	-	-		yes	no	yes	yes	no	Proteinuria	2026-07-27	AB Ratio	ClinVar pathogenic / likely pathogenic (1 review star) | De novo in proband (both parents wild-type) | Predicted loss of function: stop gained (nonsense) | Ultra-rare in gnomAD (5e-07) | CADD 38.0	Talos QC warning: AB Ratio | Reported in 2 source rows (merged)	10,14
SAMPLE_1	A	ANKRD11	ENSG00000167522	GRCh38	16	89279566	CCTTCGGGG	C	16-89279566-CCTTCGGGG-C	-	p.Ala2323Glyfs*205	frameshift_variant	Frameshift	yes	Autosomal dominant	HET	WT	WT	de novo	-	0	Pathogenic / Likely pathogenic	1	34		-	-	-		yes	no	yes	yes	no	Mendeliome	2026-07-27		ClinVar pathogenic / likely pathogenic (1 review star) | De novo in proband (both parents wild-type) | Predicted loss of function: frameshift | Absent from gnomAD | CADD 34.0		1
SAMPLE_1	A	DARS1	ENSG00000115866	GRCh38	2	135920591	G	C	2-135920591-G-C	-	p.Ala274Gly	missense_variant	Missense	no	Autosomal recessive (compound het)	HET	WT	HET	paternal	2:135912503 G>A	2.5e-06	Pathogenic / Likely pathogenic	1	29.1	0.771	Deleterious (0.00)	Probably damaging (0.997)	likely_pathogenic	0.895	yes	no	no	no	yes	Mendeliome	2026-07-27	Low Read Depth	ClinVar pathogenic / likely pathogenic (1 review star) | Compound heterozygous in trans with 2:135912503 G>A (paternal vs maternal) | AlphaMissense likely_pathogenic (0.90) | ACMG PM5 flagged by Talos | Ultra-rare in gnomAD (2.5e-06) | CADD 29.1	Talos QC warning: Low Read Depth	7
SAMPLE_1	A	PKHD1	ENSG00000170927	GRCh38	6	52043102	C	G	6-52043102-C-G	-	p.Gly952Arg	missense_variant	Missense	no	Autosomal dominant; Autosomal recessive (compound het)	HET	HET	WT	maternal	6:52043699 T>A	0	Pathogenic / Likely pathogenic	1	27.3	0.612	Deleterious (0.01)	Probably damaging (0.981)	likely_pathogenic	0.8996	yes	no	no	no	no	Mendeliome	2026-07-27	Ambiguous Cat.1 MOI	ClinVar pathogenic / likely pathogenic (1 review star) | Compound heterozygous in trans with 6:52043699 T>A (maternal vs de novo) | AlphaMissense likely_pathogenic (0.90) | Absent from gnomAD | CADD 27.3	Talos QC warning: Ambiguous Cat.1 MOI | Source rows disagree on mode of inheritance: Autosomal dominant vs Autosomal recessive (compound het) | Reported in 2 source rows (merged)	3,11
SAMPLE_1	A	RNU4-2	ENSG00000202538	GRCh38	12	120291834	A	G	12-120291834-A-G	-	-	non_coding_transcript_exon_variant	Non-coding transcript	no	Autosomal dominant	HET	WT	WT	de novo	-	0	Pathogenic / Likely pathogenic	1	18.4		-	-	-		yes	no	no	yes	no	Mendeliome	2026-07-27		ClinVar pathogenic / likely pathogenic (1 review star) | De novo in proband (both parents wild-type) | Absent from gnomAD		15
SAMPLE_1	A	RNU2-2	ENSG00000222328	GRCh38	11	62841775	T	C	11-62841775-T-C	-	-	non_coding_transcript_exon_variant	Non-coding transcript	no	Autosomal dominant	HET	WT	WT	de novo	-	0	Pathogenic / Likely pathogenic	1	15.2		-	-	-		yes	no	no	yes	no	Mendeliome	2026-07-27		ClinVar pathogenic / likely pathogenic (1 review star) | De novo in proband (both parents wild-type) | Absent from gnomAD		4
SAMPLE_1	B	DARS1	ENSG00000115866	GRCh38	2	135912503	G	A	2-135912503-G-A	-	p.Pro405Ser	missense_variant	Missense	no	Autosomal recessive (compound het)	HET	HET	WT	maternal	2:135920591 G>C	1.5e-06	Uncertain significance (VUS)	0	25.8	0.488	Deleterious (0.02)	Possibly damaging (0.734)	likely_pathogenic	0.7738	no	no	no	no	no	Mendeliome	2026-07-27		Compound heterozygous in trans with 2:135920591 G>C (maternal vs paternal) | AlphaMissense likely_pathogenic (0.77) | Ultra-rare in gnomAD (1.5e-06) | CADD 25.8	ClinVar: uncertain significance	8
SAMPLE_1	C	SAMD9	ENSG00000205413	GRCh38	7	93105286	T	A	7-93105286-T-A	c.812A>T	p.Tyr271Phe	missense_variant	Missense	no	Autosomal dominant	HET	WT	WT	de novo	-	0	-	0	22.6	0.053	Deleterious (0.050)	Benign (0.406)	-		yes	no	no	yes	no	Mendeliome	2026-07-27		De novo in proband (both parents wild-type) | Absent from gnomAD	Not present in ClinVar | Talos category 1 set but no ClinVar record in this file	12
SAMPLE_1	C	PKHD1	ENSG00000170927	GRCh38	6	52043699	T	A	6-52043699-T-A	-	p.His916Leu	missense_variant	Missense	no	Autosomal dominant; Autosomal recessive (compound het)	HET	WT	WT	de novo	6:52043102 C>G		-	0	22.1	0.204	Tolerated (0.31)	Benign (0.112)	likely_benign	0.0834	no	no	no	yes	yes	Mendeliome	2026-07-27		De novo in proband (both parents wild-type) | Compound heterozygous in trans with 6:52043102 C>G (de novo vs maternal) | ACMG PM5 flagged by Talos	AlphaMissense likely_benign (0.08) | Not present in ClinVar | gnomAD frequency not reported | Source rows disagree on mode of inheritance: Autosomal dominant vs Autosomal recessive (compound het) | Reported in 2 source rows (merged)	6,16
SAMPLE_2	A	POC1B	ENSG00000139323	GRCh38	12	89470359	A	C	12-89470359-A-C	-	-	splice_donor_variant	Splice donor	yes	Autosomal recessive (homozygous)	HOM	HET	HET	biparental	-	5e-07	Pathogenic / Likely pathogenic	1	31		-	-	-		yes	no	yes	no	no	Mendeliome	2026-08-14		ClinVar pathogenic / likely pathogenic (1 review star) | Predicted loss of function: splice donor | Homozygous in proband, both parents heterozygous | Ultra-rare in gnomAD (5e-07) | CADD 31.0		2
SAMPLE_2	A	DARS1	ENSG00000115866	GRCh38	2	135920591	G	C	2-135920591-G-C	-	p.Ala274Gly	missense_variant	Missense	no	Autosomal recessive (compound het)	HET	HET	WT	maternal	2:135912503 G>A	2.5e-06	Pathogenic / Likely pathogenic	1	29.1	0.771	Deleterious (0.00)	Probably damaging (0.997)	likely_pathogenic	0.895	yes	no	no	no	yes	Mendeliome	2026-08-14		ClinVar pathogenic / likely pathogenic (1 review star) | Compound heterozygous in trans with 2:135912503 G>A (maternal vs paternal) | AlphaMissense likely_pathogenic (0.90) | ACMG PM5 flagged by Talos | Ultra-rare in gnomAD (2.5e-06) | CADD 29.1		5
SAMPLE_2	A	IL2RG	ENSG00000147168	GRCh38	X	71109321	G	A	X-71109321-G-A	-	p.Arg222Cys	missense_variant	Missense	no	X-linked recessive	HEMI	HET	WT	maternal	-	5e-07	Pathogenic / Likely pathogenic	3	24.7	0.532	Deleterious (0.03)	Possibly damaging (0.612)	ambiguous	0.4702	yes	no	no	no	no	Mendeliome; Immunological disorders_SuperPanel	2026-08-14		ClinVar pathogenic / likely pathogenic (3 review stars) | Hemizygous in proband, maternally inherited | Ultra-rare in gnomAD (5e-07)	AlphaMissense ambiguous (0.47)	9
SAMPLE_2	B	DARS1	ENSG00000115866	GRCh38	2	135912503	G	A	2-135912503-G-A	-	p.Pro405Ser	missense_variant	Missense	no	Autosomal recessive (compound het)	HET	WT	HET	paternal	2:135920591 G>C	1.5e-06	Uncertain significance (VUS)	0	25.8	0.488	Deleterious (0.02)	Possibly damaging (0.734)	likely_pathogenic	0.7738	no	no	no	no	no	Mendeliome	2026-08-14		Compound heterozygous in trans with 2:135920591 G>C (paternal vs maternal) | AlphaMissense likely_pathogenic (0.77) | Ultra-rare in gnomAD (1.5e-06) | CADD 25.8	ClinVar: uncertain significance	13
